{"cameraMode":{"drawMode":0,"name":"Shaded","section":"Shading Mode"},"sceneLighting":true,"audioPlay":false,"sceneViewState":{"showFog":true,"showMaterialUpdate":false,"showSkybox":true,"showFlares":true,"showImageEffects":true,"showParticleSystems":true},"in2DMode":false,"pivot":{"x":32.621158599853519,"y":1.4422651529312134,"z":73.9728012084961},"rotation":{"x":0.03377487510442734,"y":0.6598466038703919,"z":-0.029710954055190088,"w":0.7500581741333008},"size":5.924628257751465,"orthographic":false}